"Do You Like Broccoli Ice Cream? | Super Simple Songs","Stream the full new "Do You Like Broccoli Ice Cream? & More Kids Songs" on Amazon: http://amzn.to/2vcIRHo "Do You Like¬†...","431,883,477 views","4 years ago","https://www.youtube.com/watch?v=frN3nvhIHUk"
"How Animals Eat Their Food | MisterEpicMann","BLOOPERS: http://www.youtube.com/watch?v=c4UMazLvKco Patreon: http://full.sc/2hYVmPU.","132,423,086 views","5 years ago","https://www.youtube.com/watch?v=qnydFmqHuVo"
"FOOD Vs Giant GUMMY Kids Fun Challenge Giant Candy sweets Food Tasting  Game Ckn Toys","Hi guys, today we are going to do a fun yummy kids challenge called FOOD Vs Gummy. We are going to taste some real food¬†...","104,836,117 views","1 year ago","https://www.youtube.com/watch?v=1ub0QPfPkkA"
"Fresh Guacamole by PES | Oscar Nominated Short","The 2013 Academy Award Nominated film by PES. 'Fresh Guacamole' is the shortest film ever nominated for an Oscar. "Fresh¬†...","92,952,647 views","5 years ago","https://www.youtube.com/watch?v=dNJdJIwCF_Y"
"14 Weird Ways To Sneak Food Into Class / Back To School Pranks","Subscribe Here: http://bit.ly/2uaz0on 12 Funny Pranks! Prank Wars!","89,775,423 views","11 months ago","https://www.youtube.com/watch?v=W5p2ndS34vA"
"GUMMY FOOD vs REAL FOOD!!","Gummy vs Real - Pizza Edition: https://youtu.be/W30NJsPja3U Click Here To Join The Family! ‚ñª http://bit.ly/ehbeefamily Buy Our¬†...","80,324,408 views","1 year ago","https://www.youtube.com/watch?v=h7SgKwu4nww"
"Emma Pretend Cooks w/ Cute Kitchen & Food Truck Toy","Emma pretend cooks with a giant cute kitchen and food truck toy with her Uncles. Emma goes to her chicken coop and gets some¬†...","76,113,949 views","4 months ago","https://www.youtube.com/watch?v=g8eqq8EluqM"
"FOOD Truck ! ELSA & ANNA toddlers & Barbie - KETCHUP everywhere - Hotdogs Burgers Pizza Sandwich","This toys dolls parody video shows ELSA, ANNA toddlers being hungry when they suddenly see the FOOD Truck arriving!","75,764,009 views","1 year ago","https://www.youtube.com/watch?v=S5f3xBdBMRU"
"GUMMY vs. REAL FOOD CHALLENGE! LIVE Animals FUN (Chase's Corner #48 DOH MUCH FUN)","Chase & his cousin Anthony are doing the GUMMY vs. REAL Food Challenge! Check out more of Anthony¬†...","68,255,912 views","1 year ago","https://www.youtube.com/watch?v=lVwFUZOiK6Q"
"35 UNBELIEVABLE COOKING HACKS","Subscribe to 5-Minute Crafts: https://www.goo.gl/8JVmuC For copyright matters please contact us at: welcome@brightside.me¬†...","64,735,504 views","1 year ago","https://www.youtube.com/watch?v=IbiXc5cUVus"
"How To Order Mcdonald's Like A Boss!","Follow me on Instagram: http://instagram.com/cobypersin Tweet me:https://twitter.com/coby_persin In association¬†...","63,392,337 views","3 years ago","https://www.youtube.com/watch?v=xcUOTrlpSuI"
"McDonald's Cash Register Toy Pretend Play Food Cookie Monster Happy Meal Trolls Toys For Kids","McDonald's Cash Register Toy Pretend Play with Ryan ToysReview! Ryan's Family had a family fun time playing with Classic¬†...","60,994,838 views","1 year ago","https://www.youtube.com/watch?v=mDF7eJtanTE"
"üçé GUMMY FOOD vs. REAL FOOD CHALLENGE üçè SHARK, ROACHES, SNAKE  üçï FUNnel Vision Brother vs. Sister","Lex & Mike go head to head in a Gummy Food vs. Real Food challenge but not all the food is dead! hahahaha We hope you enjoy¬†...","51,978,430 views","1 year ago","https://www.youtube.com/watch?v=_wtisTU3RPU"
"Christmas Food Court Flash Mob, Hallelujah Chorus - Must See!","http://www.AlphabetPhotography.com - On Nov.13 2010 unsuspecting shoppers got a big surprise while enjoying their lunch.","51,696,018 views","7 years ago","https://www.youtube.com/watch?v=SXh7JR9oKVE"
"FRUIT NINJA of INDIA | Amazing Fruits Cutting Skills | Indian Street Food","Badshah juice center is small street food truck located in Goregaon west, Mumbai. They serves up some amazing thirst quenchers¬†...","50,186,150 views","10 months ago","https://www.youtube.com/watch?v=rLsj9gDDizs"
"KFC Chicken / 100 Legs / 100 Wings / Prepared by my DADDY / Village food factory","Village food factory now PATREON https://www.patreon.com/user?u=8828184.","48,992,069 views","1 year ago","https://www.youtube.com/watch?v=OUlpqtz1gv4"
"Chow Down with Pink Panther and Pals! | 42 Minute Food Compilation","Feast your eyes on this food themed compilation! (1) Frosted Pink - Pink Panther wants a slushy from Big Nose's store, but Pink¬†...","48,033,431 views","1 year ago","https://www.youtube.com/watch?v=PzXZx4rtHeM"
"Gummy Food vs. Real Food Challenge! *EATING GIANT GUMMY FOOD* Best Gross Real Worm Candy","This real food vs gummy food candy diy challenge was epic, my brother (not twin) and I taste test and try eating giant gummy worm¬†...","47,125,761 views","1 year ago","https://www.youtube.com/watch?v=04-nRwd9p_E"
"Japanese Street Food - $600 GIANT RAINBOW LOBSTER Sashimi Japan Seafood","","","","https://www.youtube.com/watch?v=LHAgUebnlXI"
"DIY Edible School Supplies  - 8 Pranks for Back to School","BUY MY MERCH OUT NOW! http://bit.ly/wengiemerch JOIN THE FAMILY ‚ûú http://bit.ly/make-life-beautiful ‚ûú Join the VLOG Squad:¬†...","46,463,338 views","2 years ago","https://www.youtube.com/watch?v=o9XoHms0IEc"
