"Clothing Song For Kids | Learn 15 Words | Learn English Kids","6,098,129 views","2 years ago","KFQxBCvgx70"
"Kids vocabulary - Body - parts of body - Learn English for kids - English educational video","4,189,114 views","2 years ago","SUt8q0EKbms"
"Kids vocabulary - Action Verbs - Action Words - Learn English for kids - English educational video","2,218,935 views","2 years ago","4c6FyuetSVo"
"Learn Home/House Vocabulary! - My Home (Phrases 1) - ELF Kids Videos","1,460,005 views","6 years ago","XYz6CkNxz7g"
"Parts of the House -English Language","1,426,504 views","6 years ago","1P4WUrOYUyk"
"Talking Words Factory Learning DVD -  Vocabulary Building for Kids | LeapFrog","1,000,319 views","6 years ago","2rvtO1r4nso"
"Bud's First Words - Vocabulary Building Game for Toddlers","629,800 views","5 years ago","3aOKT-F-hAE"
"Kids vocabulary - Town - village - introduction of my town - educational video for kids","339,121 views","1 year ago","EfD2k9beP-4"
"English for babies and toddlers (0-3 years) - Basic vocabulary","324,292 views","1 year ago","umwNQRBjKLE"
"Alphabet Song with Sneaky the Rabbit |  build vocabulary, learn your ABCs","262,352 views","3 years ago","h6AhxYZf-PY"
"vocabulary boost up game / preschool vocabulary lesson","113,304 views","2 years ago","jRq0ueyHcMQ"
"Vocabulary | Construction vocabulary | English vocabulary","29,812 views","2 years ago","ZvFO9YGjQfI"
"Sentence Builder - for kindergarten, first grade, second grader - English Learning App","27,605 views","2 years ago","KLscLXwWvbo"
"Vocabulary | City Vocabulary | English vocabulary","17,956 views","6 months ago","22izgomZkps"
"Lauri Language Cards: Action Verbs, Build Children Vocabulary","10,233 views","3 years ago","i_wEGTohbSg"
"English vocabulary words with meaning | FARM VOCABULARY | English vocabulary","8,698 views","1 year ago","FV8OJXohg5Y"
"Learn English - English Vocabulary Lesson 72 - Kids' Bedroom | Free English Lessons, ESL Lessons","8,275 views","4 years ago","pSUXD829-zs"
"Natural Disasters | Vocabulary Builder For Kids | English Vocabulary Development For Everyone","7,958 views","2 years ago","dDzbAybDxPA"
"Building Vocabulary for Kids","6,058 views","2 years ago","2e2N07-wCvQ"
"My House - Home Vocabulary | Fun And Learn | Learning Videos For Kids","5,261 views","1 year ago","VwKNgBfOYwA"
"Useful English for Kids - Universe - English Vocabulary Building","4,987 views","3 years ago","3P9kSPgv3LI"
"Vocabulary for kids | CITY VOCABULARY | Vocabulary everyday | English vocabulary","4,692 views","1 year ago","nLrPpPHyGQ4"
"Learn English for Kids - Learn Easy English Words - A - English Vocabulary Building","4,276 views","3 months ago","N8-W841r9Yg"
"Agriculture | Vocabulary Builder For Kids | Vocabulary Development For Everyone | English Vocabulary","4,028 views","2 years ago","VFDEk17s-kc"
"Vocabulary English for kids | CONSTRUCTIONS VOCABULARY | English vocabulary","3,708 views","1 year ago","EM3TNUVvkV8"
"vocabulary building for young children","2,815 views","9 years ago","D967NpSVgHM"
"Vocabulary Builder For Kids | Vocabulary Words With Pictures And Meanings | Vocabulary Building","2,651 views","2 years ago","NiIKsFUKGGk"
"Describing Objects pt.1/11: "A building, An airplane, A window..." Kids Online English Vocabulary","2,533 views","1 year ago","_ZQ8NGDo0ko"
"Learn English for Kids - Learn Easy English Words - B - English Vocabulary Building","2,525 views","2 months ago","yqY4TqaX8bg"
"How to improve English Vocabulary Building | Hindi | English Vocabulary Building in Hindi","2,408 views","1 year ago","352ie83iY6w"
"List of Animals - Name of Animals M - Learn English - Vocabulary Building","2,117 views","1 year ago","K92mkpL06Jc"
"Outdoor Games | English Vocabulary Builder For Kids | Vocabulary Development For Everyone","1,484 views","2 years ago","g9lfQreTauo"
"List of Animals - Name of Animals W X Y Z - Learn English - Vocabulary Building","1,440 views","1 year ago","MfAixlEEG4Q"
"Fruits and Vegetables | English Vocabulary Builder For Kids | Vocabulary Development For Everyone","1,427 views","2 years ago","C8EQgZFlFrw"
"Vocabulary Practice | City Vocabulary| English Words | Toddler Learning  | Kids","1,416 views","3 months ago","qcAHgXUK8EU"
"Vocabulary Builder For Kids | Vocabulary Words With Pictures And Meanings | Vocabulary Building","1,276 views","2 years ago","w24U25sOix0"
"List of Animals - Name of Animals N & O - Learn English - Vocabulary Building","1,271 views","1 year ago","_6Q9LvbbAns"
"Vocabulary for children | COMUNICATION VOCABULRY | English vocabulary","1,256 views","1 year ago","PoYdNRABm-8"
"Learn English Vocabulary | English Vocabulary Building | In English | English Chatterbox","1,026 views","1 year ago","DWoWikFqlv8"
"Musical instruments for kids with paw patrol | vocabulary building for kids","1,008 views","1 year ago","23UyD7WTwxY"
"Hospital | Vocabulary Builder For Kids | Vocabulary Development For Everyone | English Vocabulary","985 views","2 years ago","OLGDzgF_jOU"
"kindergarten kids playing game and building vocabulary","964 views","2 years ago","epjWqxg0oDA"
"List of Animals - Name of Animals I J K - Learn English - Vocabulary Building","903 views","1 year ago","fdRJSo1YuQw"
"School Vocabulary | Toddler Learning | English Vocabulary | kids vocabulary","881 views","7 months ago","UprD7KH9Tyw"
"English vocabulary for kids | FANTASY VOCABULARY 2 | English vocabulary","786 views","1 year ago","brOPBBF1lUE"
"Food and Drinks | English Vocabulary Builder For Kids | Vocabulary Development For Everyone","784 views","2 years ago","SCcrhM0hsUY"
"Learn Easy English - Consumer Electronics - English Vocabulary Building for Kids","756 views","3 years ago","ad5_MfEeyQE"
"English Vocabulary Building for Elementary School Students   Fifth Grade   Lesson 1","735 views","2 years ago","SEwF4lEpUwg"
"Universe | Vocabulary Builder For Kids | Vocabulary Development For Everyone | English Vocabulary","695 views","2 years ago","FTCvjipgJc8"
"Build Your Vocabulary - Part 1 | Learning Video for Kids | English Grammar","683 views","1 year ago","JIooU0xLZCg"
"Garden | Vocabulary Builder For Kids | Vocabulary Development For Everyone | English Vocabulary","670 views","2 years ago","tK7A-TJlyG8"
"Bathroom | Vocabulary Builder For Kids | Vocabulary Development For Everyone | English Vocabulary","647 views","2 years ago","2VWUMNEHNxA"
"List of Animals - Name of Animals P - Learn English - Vocabulary Building","630 views","1 year ago","gv3Ed8R-9so"
"Travelling | Vocabulary Builder For Kids | Vocabulary Development For Everyone | English Vocabulary","615 views","2 years ago","B_H5UEtCb58"
"Get Smart and Build Vocabulary With Marie's Words - Brain Building for Kids with Justin","600 views","1 year ago","e_eGISLv_nU"
"List of Animals - Name of Animals T U V - Learn English - Vocabulary Building","554 views","1 year ago","C5rb1ZG7p9c"
"English French Vocabulary Building - Universe","548 views","1 year ago","PwlVv_KkYII"
"Crime | Vocabulary Builder For Kids | Vocabulary Development For Everyone | English Vocabulary","529 views","2 years ago","OY8aAQhUmyk"
"Feelings | Vocabulary Builder For Kids | Vocabulary Development For Everyone | English Vocabulary","522 views","2 years ago","ZpxVYnWJa38"
"Useful English for Kids - Lesson 2 - Vocabulary Building","503 views","9 months ago","PTgQ2FjxdWs"
"Useful English Words - E - Vocabulary Building - Easy English for Students","493 views","1 year ago","ROu1B4-XPqY"
"Air Travel | Vocabulary Builder For Kids | Vocabulary Development For Everyone | English Vocabulary","480 views","2 years ago","7dL4q78Bh5o"
"Baby Care - Easy English - Kids Lessons - English Vocabulary Building","467 views","9 months ago","Y2-llWEHFlU"
"Vocabulary Builder For Kids | Vocabulary Words With Pictures And Meanings | Vocabulary Building","458 views","2 years ago","TUsYoUZAp_0"
"Country Side | Vocabulary Builder For Kids | English Vocabulary Development For Everyone","449 views","2 years ago","pVoUnYcx_M8"
"Beach | Vocabulary Builder For Kids | Vocabulary Development For Everyone | English Vocabulary","410 views","2 years ago","G9JrR93kTpM"
"Driving and Traffic | Vocabulary Builder For Kids | English Vocabulary Development For Everyone","364 views","2 years ago","nltAog-ZP1s"
"KIDS VOCABULARY | Vocabulary English words | English vocabulary words with meaning","357 views","11 months ago","-oqzw9hiJRs"
"Dental Clinic | Vocabulary Builder For Kids | English Vocabulary Development For Everyone","355 views","2 years ago","s01sr25OZhM"
"Sea Travel | Vocabulary Builder For Kids | Vocabulary Development For Everyone | English Vocabulary","347 views","2 years ago","s4ZrY9p3EXo"
"illness | Vocabulary Builder For Kids | Vocabulary Development For Everyone | English Vocabulary","341 views","2 years ago","FGWjA0TKW_I"
"Indoor Games | English Vocabulary Builder For Kids | Vocabulary Development For Everyone","338 views","2 years ago","dTegWxMN4Nw"
"Kitchen #1 - One Minute English Vocabulary Builder - Level A1 - Beginner","328 views","1 year ago","bS-qW2f40OE"
"Measurements | English Vocabulary Builder For Kids | Vocabulary Development For Everyone","323 views","2 years ago","fixGDjuWLw0"
"Kids vocabulary Opposite Words Learn Opposites English for kids English educational video","320 views","1 year ago","gGbESyLJpa4"
"Flowers and Trees | English Vocabulary Builder For Kids | Vocabulary Development For Everyone","274 views","2 years ago","nT1TUSask0s"
"Shopping | Vocabulary Builder For Kids | Vocabulary Development For Everyone | English Vocabulary","268 views","2 years ago","kgfv1H3Knj4"
